{
	"zones":
	[
		[160.5830548,-39.70694,28.29087229,134.1008427,305.9391878,-204.9019908,-1.57524,4.01389199],
		[-463.53911,34.1630084,27.34452654,-333.76215,-765.70173,524.5108576,-0.08127556,-11.0207615]
	 	
	],
	"borders":
	[
		{"b": 0.001912426, "k": 1.345794393}
	]
}